date,study_hours,sleep_hours,break_minutes,focus_score,productivity_score,study_7day_avg,sleep_7day_avg,productivity_7day_avg,sleep_deficit,burnout_risk_score
2025-01-01,4.07,6.97,72.0,9.4,6.01,,,,0,0.0
2025-01-02,3.96,4.66,60.0,7.55,4.89,,,,1,0.4
2025-01-03,7.81,4.61,37.0,8.68,7.02,,,,1,0.7
2025-01-04,3.06,8.67,63.0,5.92,5.32,,,,0,0.0
2025-01-05,1.65,4.72,76.0,6.16,3.47,,,,1,0.4
2025-01-06,7.22,4.08,104.0,5.12,5.86,,,,1,0.7
2025-01-07,6.34,4.85,91.0,7.56,6.14,4.872857142857143,5.508571428571429,5.53,1,0.4
2025-01-08,5.23,5.01,31.0,8.18,5.75,5.038571428571428,5.228571428571429,5.492857142857143,1,0.4
2025-01-09,3.24,7.12,48.0,6.62,5.08,4.935714285714285,5.58,5.5200000000000005,0,0.0
2025-01-10,3.86,4.3,118.0,8.62,4.94,4.371428571428572,5.535714285714286,5.222857142857143,1,0.4
2025-01-11,3.71,6.3,69.0,8.98,5.54,4.464285714285714,5.197142857142857,5.2542857142857144,0,0.0
2025-01-12,3.83,8.88,87.0,7.88,6.16,4.775714285714286,5.791428571428571,5.63857142857143,0,0.0
2025-01-13,5.88,5.68,86.0,8.35,6.31,4.5842857142857145,6.0200000000000005,5.702857142857142,1,0.4
2025-01-14,6.75,6.45,102.0,9.75,7.26,4.642857142857143,6.248571428571429,5.862857142857144,0,0.0
2025-01-15,4.52,5.23,43.0,6.54,5.14,4.541428571428571,6.28,5.775714285714286,1,0.4
2025-01-16,4.6,4.76,52.0,8.96,5.52,4.735714285714286,5.942857142857143,5.838571428571428,1,0.4
2025-01-17,2.94,5.22,84.0,7.69,4.57,4.604285714285714,6.074285714285715,5.785714285714286,1,0.4
2025-01-18,3.83,5.64,25.0,9.8,5.57,4.621428571428572,5.9799999999999995,5.79,1,0.7
2025-01-19,7.01,5.54,93.0,9.34,7.04,5.075714285714286,5.502857142857144,5.9157142857142855,1,0.7
2025-01-20,4.96,7.11,63.0,5.63,5.74,4.944285714285714,5.707142857142857,5.8342857142857145,0,0.0
2025-01-21,4.8,5.89,33.0,8.59,5.88,4.6657142857142855,5.627142857142857,5.637142857142856,1,0.4
2025-01-22,2.23,8.46,44.0,7.59,5.17,4.338571428571428,6.088571428571429,5.6414285714285715,0,0.0
2025-01-23,1.83,6.93,59.0,6.29,4.25,3.9428571428571426,6.398571428571429,5.46,0,0.0
2025-01-24,6.48,7.24,43.0,6.08,6.63,4.448571428571428,6.687142857142858,5.7542857142857144,0,0.0
2025-01-25,1.46,4.19,83.0,7.32,3.45,4.11,6.4799999999999995,5.451428571428571,1,0.4
2025-01-26,5.39,8.37,84.0,7.04,6.61,3.8785714285714286,6.884285714285714,5.390000000000001,0,0.0
2025-01-27,5.17,4.32,40.0,7.24,5.33,3.9085714285714284,6.485714285714286,5.331428571428572,1,0.4
2025-01-28,7.09,8.64,28.0,5.69,7.28,4.235714285714286,6.878571428571428,5.531428571428571,0,0.6
2025-01-29,3.86,7.05,110.0,5.99,5.24,4.468571428571429,6.677142857142856,5.541428571428571,0,0.0
2025-01-30,3.28,7.75,117.0,8.25,5.62,4.675714285714285,6.794285714285714,5.737142857142857,0,0.0
2025-01-31,7.22,7.69,116.0,8.28,7.57,4.781428571428571,6.8585714285714285,5.871428571428572,0,0.3
2025-02-01,2.46,7.44,116.0,9.75,5.41,4.924285714285714,7.322857142857143,6.151428571428572,0,0.0
2025-02-02,6.49,5.42,48.0,7.38,6.35,5.081428571428572,6.901428571428572,6.114285714285714,1,0.4
2025-02-03,7.62,6.19,107.0,7.82,7.23,5.431428571428571,7.168571428571428,6.385714285714286,0,0.3
2025-02-04,7.11,6.98,94.0,5.3,6.71,5.434285714285714,6.9314285714285715,6.304285714285714,0,0.3
2025-02-05,6.83,8.38,99.0,7.64,7.46,5.8585714285714285,7.121428571428573,6.621428571428572,0,0.0
2025-02-06,1.41,7.68,110.0,6.28,4.27,5.591428571428572,7.111428571428571,6.428571428571429,0,0.0
2025-02-07,2.6,4.36,72.0,5.73,3.75,4.9314285714285715,6.635714285714286,5.882857142857143,1,0.4
2025-02-08,6.07,8.04,92.0,6.02,6.65,5.4471428571428575,6.721428571428571,6.0600000000000005,0,0.0
2025-02-09,6.45,7.52,98.0,9.63,7.41,5.441428571428572,7.021428571428571,6.211428571428572,0,0.0
2025-02-10,6.85,8.15,71.0,5.22,6.91,5.331428571428572,7.301428571428572,6.1657142857142855,0,0.0
2025-02-11,4.57,7.98,30.0,9.89,6.66,4.968571428571429,7.444285714285714,6.158571428571428,0,0.0
2025-02-12,5.83,7.95,91.0,8.38,6.98,4.825714285714286,7.382857142857143,6.089999999999999,0,0.0
2025-02-13,5.73,4.02,87.0,5.89,5.25,5.442857142857143,6.86,6.2299999999999995,1,0.4
2025-02-14,3.39,4.69,46.0,9.92,5.09,5.555714285714286,6.907142857142857,6.421428571428572,1,0.4
2025-02-15,4.14,7.74,75.0,7.59,5.91,5.28,6.864285714285715,6.315714285714285,0,0.0
2025-02-16,5.83,7.92,29.0,7.71,6.83,5.191428571428571,6.921428571428572,6.232857142857143,0,0.3
2025-02-17,6.91,5.23,32.0,8.6,6.74,5.2,6.5042857142857144,6.208571428571427,1,0.4
2025-02-18,3.28,6.66,48.0,6.83,5.0,5.015714285714286,6.315714285714286,5.971428571428571,0,0.0
2025-02-19,7.53,6.65,55.0,5.05,6.77,5.258571428571429,6.130000000000001,5.941428571428571,0,0.3
2025-02-20,6.95,8.13,84.0,7.38,7.39,5.432857142857143,6.717142857142858,6.247142857142857,0,0.0
2025-02-21,1.29,6.24,67.0,6.68,3.85,5.132857142857143,6.9385714285714295,6.07,0,0.0
2025-02-22,3.73,4.92,29.0,8.9,5.12,5.074285714285715,6.535714285714286,5.957142857142856,1,0.7
2025-02-23,2.36,5.98,85.0,6.82,4.34,4.578571428571429,6.258571428571429,5.6014285714285705,1,0.4
2025-02-24,5.87,8.62,102.0,6.96,6.91,4.43,6.742857142857143,5.625714285714286,0,0.0
2025-02-25,3.54,4.73,31.0,7.94,4.78,4.467142857142858,6.467142857142856,5.594285714285713,1,0.4
2025-02-26,3.79,7.51,84.0,6.96,5.54,3.932857142857143,6.590000000000001,5.418571428571428,0,0.0
2025-02-27,5.34,4.9,82.0,8.61,5.86,3.7028571428571433,6.128571428571428,5.2,1,0.4
2025-02-28,3.38,7.65,103.0,6.83,5.35,4.001428571428572,6.329999999999999,5.414285714285714,0,0.0
2025-03-01,1.03,6.73,92.0,5.32,3.6,3.615714285714286,6.588571428571429,5.1971428571428575,0,0.0
2025-03-02,6.37,7.78,27.0,7.77,7.07,4.188571428571429,6.845714285714286,5.587142857142858,0,0.3
2025-03-03,5.3,7.61,98.0,6.69,6.27,4.107142857142857,6.701428571428572,5.4957142857142856,0,0.0
2025-03-04,6.48,6.74,119.0,9.12,7.09,4.527142857142858,6.988571428571428,5.825714285714286,0,0.0
2025-03-05,7.92,8.79,103.0,9.32,8.46,5.117142857142857,7.171428571428572,6.242857142857143,0,0.3
2025-03-06,7.57,5.78,35.0,6.95,6.91,5.435714285714285,7.297142857142857,6.392857142857143,1,0.7
2025-03-07,6.66,4.03,36.0,7.06,5.95,5.904285714285715,6.78,6.478571428571429,1,0.4
2025-03-08,5.76,6.8,114.0,7.79,6.48,6.58,6.79,6.89,0,0.0
2025-03-09,2.27,7.24,104.0,5.56,4.42,5.994285714285715,6.712857142857142,6.511428571428572,0,0.0
2025-03-10,2.78,6.27,61.0,9.77,5.22,5.634285714285714,6.521428571428571,6.361428571428571,0,0.0
2025-03-11,7.54,4.67,70.0,5.45,6.26,5.785714285714286,6.225714285714285,6.242857142857143,1,0.7
2025-03-12,3.61,4.88,70.0,6.46,4.56,5.170000000000001,5.667142857142857,5.685714285714285,1,0.4
2025-03-13,6.49,7.36,100.0,5.67,6.59,5.015714285714286,5.892857142857143,5.640000000000001,0,0.0
2025-03-14,3.84,6.76,71.0,6.76,5.3,4.612857142857143,6.282857142857144,5.547142857142857,0,0.0
2025-03-15,3.65,4.77,108.0,8.02,4.86,4.311428571428571,5.992857142857142,5.315714285714286,1,0.4
2025-03-16,7.89,7.71,86.0,8.41,7.94,5.114285714285714,6.0600000000000005,5.818571428571429,0,0.3
2025-03-17,3.74,4.19,50.0,6.33,4.39,5.251428571428571,5.7628571428571425,5.7,1,0.4
2025-03-18,4.32,6.82,97.0,9.13,6.03,4.791428571428571,6.069999999999999,5.667142857142857,0,0.0
2025-03-19,6.91,7.88,48.0,6.58,7.13,5.262857142857143,6.498571428571429,6.034285714285715,0,0.0
2025-03-20,4.89,4.44,31.0,7.71,5.32,5.034285714285715,6.081428571428572,5.852857142857142,1,0.4
2025-03-21,1.12,6.24,27.0,7.01,3.83,4.645714285714285,6.007142857142857,5.642857142857143,0,0.3
2025-03-22,2.24,4.25,70.0,9.66,4.33,4.444285714285714,5.932857142857143,5.567142857142857,1,0.4
2025-03-23,1.08,8.91,54.0,9.88,5.19,3.4714285714285715,6.104285714285715,5.174285714285714,0,0.0
2025-03-24,1.07,8.17,62.0,6.53,4.29,3.0900000000000003,6.672857142857143,5.159999999999999,0,0.0
2025-03-25,5.48,5.52,73.0,7.73,5.94,3.2557142857142862,6.4871428571428575,5.147142857142858,1,0.4
2025-03-26,5.02,7.79,99.0,9.42,6.73,2.9857142857142853,6.474285714285714,5.090000000000001,0,0.0
2025-03-27,1.23,7.2,54.0,9.78,4.73,2.4628571428571426,6.868571428571428,5.005714285714285,0,0.0
2025-03-28,1.82,4.12,51.0,9.56,4.06,2.5628571428571427,6.565714285714286,5.038571428571429,1,0.4
2025-03-29,4.77,5.62,61.0,9.86,6.04,2.924285714285714,6.761428571428572,5.282857142857144,1,0.4
2025-03-30,5.13,4.11,27.0,8.63,5.52,3.502857142857143,6.075714285714286,5.33,1,0.7
2025-03-31,2.09,8.97,112.0,8.62,5.46,3.6485714285714286,6.1899999999999995,5.497142857142857,0,0.0
2025-04-01,6.72,8.66,52.0,8.31,7.62,3.825714285714285,6.638571428571429,5.737142857142857,0,0.0
2025-04-02,2.55,4.54,50.0,6.28,3.89,3.472857142857142,6.174285714285714,5.331428571428572,1,0.4
2025-04-03,6.34,8.04,66.0,5.05,6.59,4.202857142857143,6.294285714285714,5.597142857142857,0,0.0
2025-04-04,5.25,5.41,84.0,5.65,5.38,4.692857142857143,6.478571428571428,5.785714285714286,1,0.4
2025-04-05,6.68,5.66,98.0,5.6,6.16,4.965714285714285,6.484285714285714,5.8028571428571425,1,0.4
2025-04-06,5.06,6.54,53.0,6.45,5.78,4.9557142857142855,6.831428571428572,5.840000000000001,0,0.0
2025-04-07,3.13,5.54,120.0,6.5,4.53,5.104285714285715,6.341428571428571,5.707142857142857,1,0.4
2025-04-08,5.83,4.26,104.0,9.91,6.17,4.977142857142857,5.712857142857142,5.5,1,0.4
2025-04-09,2.78,4.54,97.0,9.52,4.66,5.01,5.7128571428571435,5.61,1,0.4
2025-04-10,1.28,5.03,94.0,6.31,3.41,4.2871428571428565,5.282857142857144,5.155714285714285,1,0.4
2025-04-11,6.98,6.87,55.0,8.14,7.18,4.534285714285714,5.491428571428571,5.412857142857143,0,0.0
2025-04-12,2.53,6.31,69.0,6.15,4.39,3.9414285714285713,5.5842857142857145,5.159999999999999,0,0.0
2025-04-13,7.09,6.02,47.0,8.23,7.0,4.231428571428571,5.509999999999999,5.334285714285714,0,0.3
2025-04-14,7.56,6.74,31.0,5.02,6.81,4.864285714285714,5.681428571428571,5.659999999999999,0,0.3
2025-04-15,4.17,5.26,42.0,5.59,4.78,4.627142857142857,5.824285714285714,5.461428571428572,1,0.4
2025-04-16,1.82,4.58,56.0,9.56,4.2,4.49,5.83,5.395714285714285,1,0.4
2025-04-17,2.7,8.97,91.0,5.78,5.2,4.692857142857143,6.392857142857143,5.651428571428572,0,0.0
2025-04-18,1.66,8.39,110.0,8.49,5.04,3.9328571428571424,6.61,5.345714285714286,0,0.0
2025-04-19,6.82,6.39,35.0,5.49,6.42,4.545714285714285,6.621428571428572,5.635714285714286,0,0.0
2025-04-20,2.05,4.35,62.0,8.15,3.96,3.825714285714285,6.382857142857143,5.201428571428572,1,0.4
2025-04-21,2.1,8.72,105.0,9.99,5.66,3.045714285714286,6.665714285714286,5.0371428571428565,0,0.0
2025-04-22,2.98,8.49,29.0,6.13,5.26,2.875714285714286,7.127142857142858,5.105714285714285,0,0.3
2025-04-23,3.28,8.67,23.0,7.22,5.68,3.084285714285714,7.711428571428572,5.317142857142857,0,0.3
2025-04-24,3.33,4.7,111.0,5.44,4.16,3.174285714285715,7.101428571428571,5.168571428571427,1,0.4
2025-04-25,6.72,7.66,120.0,7.8,7.22,3.8971428571428572,6.997142857142857,5.4799999999999995,0,0.0
2025-04-26,5.19,4.04,91.0,9.11,5.63,3.6642857142857146,6.661428571428572,5.367142857142857,1,0.4
2025-04-27,5.64,8.26,31.0,7.44,6.79,4.177142857142857,7.22,5.771428571428571,0,0.0
2025-04-28,6.89,4.89,54.0,6.7,6.25,4.861428571428571,6.672857142857143,5.855714285714286,1,0.4
2025-04-29,2.94,5.89,113.0,7.7,4.78,4.855714285714285,6.301428571428572,5.787142857142858,1,0.4
2025-04-30,1.27,8.86,77.0,7.47,4.79,4.5685714285714285,6.328571428571428,5.659999999999999,0,0.0
2025-05-01,7.05,8.1,82.0,8.95,7.75,5.1,6.814285714285715,6.172857142857143,0,0.3
2025-05-02,1.6,4.89,46.0,8.68,4.0,4.368571428571428,6.418571428571427,5.7128571428571435,1,0.4
2025-05-03,5.69,8.13,52.0,5.7,6.42,4.4399999999999995,7.002857142857143,5.825714285714286,0,0.0
2025-05-04,6.09,5.86,97.0,7.64,6.33,4.504285714285714,6.659999999999999,5.76,1,0.4
2025-05-05,1.99,4.25,90.0,9.76,4.22,3.8042857142857143,6.5685714285714285,5.47,1,0.4
2025-05-06,3.72,8.61,70.0,7.23,5.89,3.915714285714286,6.957142857142856,5.628571428571428,0,0.0
2025-05-07,5.25,5.46,38.0,7.31,5.72,4.484285714285714,6.471428571428571,5.761428571428572,1,0.4
2025-05-08,6.57,5.25,95.0,5.12,5.88,4.4157142857142855,6.064285714285715,5.494285714285715,1,0.4
2025-05-09,4.96,7.49,27.0,5.05,5.74,4.895714285714286,6.435714285714286,5.742857142857142,0,0.3
2025-05-10,5.41,8.1,59.0,6.76,6.49,4.855714285714286,6.431428571428571,5.752857142857143,0,0.0
2025-05-11,5.39,6.2,90.0,7.95,6.14,4.755714285714285,6.4799999999999995,5.725714285714285,0,0.0
2025-05-12,7.22,4.85,79.0,5.65,6.19,5.502857142857144,6.565714285714286,6.007142857142857,1,0.7
2025-05-13,6.8,4.94,81.0,6.08,6.1,5.942857142857143,6.041428571428571,6.0371428571428565,1,0.4
2025-05-14,2.86,7.11,113.0,5.8,4.72,5.601428571428571,6.277142857142857,5.894285714285714,0,0.0
2025-05-15,1.44,8.14,94.0,5.07,4.18,4.868571428571428,6.6899999999999995,5.65142857142857,0,0.0
2025-05-16,4.45,7.28,68.0,5.81,5.57,4.795714285714285,6.659999999999999,5.627142857142857,0,0.0
2025-05-17,1.43,7.14,26.0,9.27,4.71,4.227142857142857,6.522857142857142,5.372857142857143,0,0.3
2025-05-18,1.04,8.5,119.0,6.7,4.41,3.605714285714286,6.851428571428571,5.125714285714286,0,0.0
2025-05-19,2.18,6.68,90.0,5.62,4.22,2.885714285714286,7.112857142857143,4.844285714285713,0,0.0
2025-05-20,5.87,5.01,83.0,9.1,6.26,2.752857142857143,7.122857142857143,4.867142857142857,1,0.4
2025-05-21,2.3,6.5,46.0,8.3,4.76,2.672857142857143,7.035714285714286,4.872857142857143,0,0.0
2025-05-22,3.04,8.38,67.0,7.4,5.51,2.9014285714285717,7.07,5.062857142857142,0,0.0
2025-05-23,5.94,8.1,105.0,6.46,6.69,3.1142857142857143,7.187142857142858,5.222857142857143,0,0.0
2025-05-24,4.16,6.36,32.0,9.23,5.83,3.5042857142857144,7.075714285714286,5.382857142857143,0,0.0
2025-05-25,3.97,7.24,57.0,5.59,5.28,3.922857142857143,6.895714285714286,5.507142857142857,0,0.0
2025-05-26,1.77,8.43,94.0,9.87,5.39,3.8642857142857143,7.145714285714286,5.674285714285714,0,0.0
2025-05-27,7.93,7.19,29.0,7.98,7.72,4.158571428571428,7.457142857142857,5.882857142857143,0,0.6
2025-05-28,3.51,5.78,89.0,6.11,4.71,4.331428571428572,7.354285714285715,5.875714285714286,1,0.4
2025-05-29,4.54,8.77,43.0,9.48,6.8,4.545714285714285,7.410000000000001,6.0600000000000005,0,0.0
2025-05-30,3.64,6.0,45.0,7.11,5.04,4.217142857142857,7.11,5.824285714285714,0,0.0
2025-05-31,5.13,8.51,22.0,7.91,6.7,4.355714285714286,7.417142857142857,5.948571428571428,0,0.3
2025-06-01,1.16,5.34,85.0,9.61,4.1,3.9542857142857137,7.145714285714285,5.78,1,0.4
2025-06-02,6.95,7.79,49.0,5.63,6.94,4.694285714285714,7.054285714285714,6.001428571428571,0,0.0
2025-06-03,6.11,5.76,95.0,6.24,6.03,4.434285714285714,6.8500000000000005,5.76,1,0.4
2025-06-04,2.49,8.5,111.0,7.36,5.27,4.288571428571429,7.238571428571428,5.839999999999999,0,0.0
2025-06-05,3.01,4.03,113.0,5.36,3.79,4.07,6.561428571428571,5.410000000000001,1,0.4
2025-06-06,1.34,4.62,81.0,9.73,4.0,3.7414285714285715,6.364285714285714,5.2614285714285725,1,0.4
2025-06-07,1.29,4.72,82.0,7.6,3.58,3.192857142857143,5.822857142857143,4.815714285714286,1,0.4
2025-06-08,1.39,4.57,94.0,6.82,3.43,3.225714285714286,5.7128571428571435,4.72,1,0.4
2025-06-09,2.6,4.91,99.0,9.17,4.61,2.6042857142857145,5.301428571428572,4.387142857142857,1,0.4
2025-06-10,2.2,5.04,109.0,8.96,4.4,2.045714285714286,5.198571428571428,4.154285714285714,1,0.4
2025-06-11,6.26,7.09,62.0,8.71,7.0,2.584285714285714,4.997142857142857,4.401428571428572,0,0.0
2025-06-12,3.83,6.96,62.0,9.65,5.93,2.7014285714285715,5.4157142857142855,4.707142857142857,0,0.0
2025-06-13,7.42,6.83,38.0,9.38,7.64,3.5700000000000003,5.731428571428572,5.227142857142858,0,0.3
2025-06-14,1.72,8.88,118.0,5.96,4.72,3.6314285714285717,6.325714285714286,5.390000000000001,0,0.0
2025-06-15,5.11,4.35,67.0,7.44,5.35,4.162857142857143,6.2942857142857145,5.6642857142857155,1,0.4
2025-06-16,4.87,5.5,28.0,8.36,5.76,4.4871428571428575,6.378571428571428,5.828571428571429,1,0.7
2025-06-17,4.0,6.74,68.0,7.29,5.48,4.744285714285715,6.621428571428572,5.982857142857142,0,0.0
2025-06-18,2.39,4.24,68.0,7.06,3.88,4.191428571428572,6.214285714285715,5.5371428571428565,1,0.4
2025-06-19,5.53,7.24,77.0,7.33,6.4,4.434285714285714,6.2542857142857144,5.604285714285714,0,0.0
2025-06-20,1.09,6.57,103.0,5.93,3.7,3.5300000000000002,6.217142857142856,5.041428571428571,0,0.0
2025-06-21,4.56,6.68,63.0,7.39,5.76,3.935714285714286,5.902857142857144,5.1899999999999995,0,0.0
2025-06-22,5.97,6.61,113.0,5.05,5.98,4.058571428571429,6.225714285714287,5.28,0,0.0
2025-06-23,3.54,6.19,31.0,5.38,4.7,3.8685714285714283,6.324285714285715,5.128571428571429,0,0.0
2025-06-24,5.05,4.79,51.0,6.02,5.17,4.018571428571429,6.045714285714285,5.084285714285714,1,0.4
2025-06-25,5.63,7.75,33.0,7.47,6.63,4.481428571428571,6.547142857142857,5.477142857142858,0,0.0
2025-06-26,1.06,5.08,40.0,5.91,3.24,3.8428571428571425,6.238571428571428,5.025714285714286,1,0.4
2025-06-27,6.39,7.46,42.0,6.14,6.66,4.6,6.365714285714285,5.448571428571428,0,0.0
2025-06-28,4.52,8.07,92.0,9.58,6.6,4.594285714285713,6.564285714285714,5.568571428571429,0,0.0
2025-06-29,6.72,7.43,84.0,8.23,7.23,4.701428571428571,6.681428571428571,5.747142857142856,0,0.0
